correct,n_degenerated,fract_below_treshold,n_reads_before_correction,n_reads_after_correction,n_reads_added
AACGGCCTCGCGTCATAT,94.0,0.8829787234042553,23554.0,23760.0,206.0
AACGTTTGGGGTCTGGAC,39.0,0.9743589743589743,8736.0,8822.0,86.0
ACACCGGGCTGCTAGCTA,353.0,0.9206798866855525,28561.0,38666.0,10105.0
ACCTAGCCTCCATGTTCC,6.0,1.0,238.0,250.0,12.0
ACGACCGACTCGGTCCGG,107.0,0.8317757009345794,26637.0,26903.0,266.0
ACGACCTGCTTCACATCG,67.0,1.0,28749.0,29453.0,704.0
ACTGGTTCAAAGGCATTG,17.0,1.0,2306.0,2326.0,20.0
ACTTTTAGCGGCGTATCT,34.0,0.9411764705882353,4834.0,4892.0,58.0
AGTCAGTTCATTAGCATA,15.0,1.0,2187.0,2205.0,18.0
ATCCGGCATGGGTTTTTT,10.0,0.9,3194.0,3230.0,36.0
ATCCTGATGACTGGAGAA,64.0,0.984375,16139.0,16777.0,638.0
ATCGTTCTGTTGCGGAGA,24.0,0.9583333333333334,3573.0,3601.0,28.0
CAAATTTTGGCCTACAGG,14.0,0.9285714285714286,1011.0,1025.0,14.0
CAATCCTACAGATCATTT,10.0,1.0,938.0,948.0,10.0
CAATCTCTTAGCGCCTTC,25.0,0.92,2431.0,2463.0,32.0
CAATGGTAACTTGGTCAA,38.0,0.9473684210526315,6877.0,6942.0,65.0
CACACCGCGCAATCCCTC,26.0,0.9615384615384616,5942.0,5984.0,42.0
CACTATGTCCTGCAGGCA,315.0,0.5968253968253968,1362.0,6517.0,5155.0
CAGCGGCGATCTAATCAC,20.0,0.9,2408.0,2432.0,24.0
CAGTGACTCCATTTAGTG,127.0,0.84251968503937,26005.0,26379.0,374.0
CATCAACTAGCAGTTGGC,11.0,0.8181818181818182,267.0,285.0,18.0
CATCACTGCATGGCACGA,136.0,0.9852941176470589,9809.0,11562.0,1753.0
CATCGTTCGGACCGACTA,186.0,0.6827956989247311,540.0,922.0,382.0
CCAACTCTGACCATCCCT,48.0,0.9583333333333334,8757.0,8844.0,87.0
CCAGACTGGAGCTGAAAT,30.0,0.9333333333333333,4969.0,5012.0,43.0
CCATACGCTCATTGTCCG,18.0,1.0,1701.0,1722.0,21.0
CCATTACCGTGACCGCGG,44.0,0.9318181818181818,6364.0,6434.0,70.0
CCATTCCGCAACCGTGAA,23.0,1.0,2578.0,2605.0,27.0
CCCTACAGGGGGTACTCT,72.0,0.8888888888888888,17516.0,17677.0,161.0
CCGAGGAGAAAGTAAGGG,7.0,1.0,1077.0,1084.0,7.0
CCGCAGCACAACCACCCC,549.0,0.36429872495446264,5159.0,8399.0,3240.0
CCGTCACTCCTGCCGCAG,8.0,1.0,559.0,569.0,10.0
CCGTGCTAGTTCTGTTAT,87.0,0.9080459770114943,17363.0,17639.0,276.0
CCTACGTCCGATAGCAGG,5.0,1.0,1237.0,1242.0,5.0
CCTACGTCGGTCGGTCAG,632.0,0.685126582278481,4209.0,11785.0,7576.0
CCTCGGGAAACTTGTGTG,124.0,0.9274193548387096,31752.0,32092.0,340.0
CGAATTTAGGGCGTGGAT,6.0,1.0,931.0,938.0,7.0
CGACACTCCCTACTTGGG,58.0,0.9482758620689655,14661.0,14798.0,137.0
CGACATGCACGGTTCCCG,124.0,0.9838709677419355,20968.0,22775.0,1807.0
CGACCGCGTCCTTGGGAA,33.0,0.45454545454545453,7204.0,7255.0,51.0
CGATGCACGACGCCAATC,7.0,1.0,1219.0,1226.0,7.0
CGCCCTAATCTATCCTCC,7.0,1.0,4239.0,4256.0,17.0
CGCTCAGAAGGGACGCAC,255.0,0.6862745098039216,685.0,1540.0,855.0
CGCTGTAACAGATAGGCG,277.0,0.4729241877256318,2848.0,3327.0,479.0
CGGCATGAGTCTGACTTC,27.0,0.9629629629629629,4117.0,4158.0,41.0
CGGCGCACTTTCCGCTGT,56.0,0.9821428571428571,2024.0,2387.0,363.0
CGGCTTCGTACCGTTAAC,344.0,0.6337209302325582,1247.0,6409.0,5162.0
CGTGCGAAGGTGCTTTCG,6.0,1.0,3417.0,3435.0,18.0
CGTGTAGATGCTCGTCTG,383.0,0.7650130548302873,1669.0,4939.0,3270.0
CGTGTCTTAGTGCCGGAG,1.0,0.0,349.0,349.0,0.0
CGTTCAGGGTCCACGTGT,6.0,0.6666666666666666,211.0,219.0,8.0
CGTTCGCCGCGGAGGAGA,2.0,1.0,109.0,111.0,2.0
CGTTTCGCCGCGGAGGAT,409.0,0.5354523227383863,945.0,3144.0,2199.0
CTAAAGTACTGCGCGCGA,11.0,1.0,1151.0,1166.0,15.0
CTATGCCGAGTCTTGTGA,13.0,1.0,827.0,841.0,14.0
CTATTCGCGTTTGTCGGA,103.0,0.8932038834951457,26623.0,26937.0,314.0
CTCAGCTTCGATCCTGCG,314.0,0.5191082802547771,676.0,1516.0,840.0
CTCAGGGCGTCTTCACGG,63.0,0.9841269841269841,609.0,778.0,169.0
CTCCATAGATCAAGGTGT,76.0,0.8947368421052632,18146.0,18327.0,181.0
CTCTACATGCGCATCATC,74.0,0.9459459459459459,14525.0,14711.0,186.0
CTCTTGATACCCCTCTCA,3.0,1.0,665.0,668.0,3.0
CTGACATGTTGATACGGA,265.0,0.3660377358490566,157.0,-14943.0,-15100.0
CTGGGTCGCACAGGGTAA,6.0,1.0,1331.0,1337.0,6.0
CTGGTTGAGCCGGTTGAA,54.0,0.9814814814814815,11751.0,11879.0,128.0
CTTATAAGGTGTACGACG,90.0,0.9,24554.0,24755.0,201.0
CTTCAGGCTCGCGCGGTA,40.0,0.975,10156.0,10248.0,92.0
CTTCCTTCTACGGTTGTC,64.0,0.875,14817.0,14960.0,143.0
CTTCGAGATCTTTCTTCT,77.0,0.974025974025974,15235.0,15401.0,166.0
CTTTTGCTGACTTCCGGC,42.0,0.9523809523809523,30017.0,30252.0,235.0
GACTGCGCGCCTTTCAAG,175.0,0.76,1827.0,-10435.0,-12262.0
GACTGGCAAGGGTGATGT,290.0,0.9379310344827586,25725.0,31387.0,5662.0
GAGCGCAACAATGTTAGT,405.0,0.9382716049382716,19792.0,31192.0,11400.0
GATGGCTGAAACGGCACC,48.0,0.9166666666666666,11297.0,11382.0,85.0
GCCATGGGGCATAAGCAC,2.0,1.0,106.0,108.0,2.0
GGACCCCGCGCGGAACAT,27.0,0.9629629629629629,4857.0,4900.0,43.0
GGTAACGCGACGACCCTT,325.0,0.9476923076923077,9500.0,17369.0,7869.0
GGTCAAACGTATTACTCG,51.0,1.0,8056.0,8141.0,85.0
GGTCGGCTACTACCCTAG,26353.0,0.009448639623572268,30932.0,32467.0,1535.0
GTCAACACCATCTCGCAA,30.0,0.9666666666666667,3483.0,3521.0,38.0
GTCACGCATCGGCTTCGG,60.0,0.9166666666666666,13821.0,13955.0,134.0
GTTCGAATACTCCAGGGA,2.0,0.0,121.0,121.0,0.0
GTTTCCTCGCGCGTATAA,110.0,0.9363636363636364,32425.0,32825.0,400.0
GTTTTTGAGCGTGCGTTT,119.0,0.8991596638655462,25528.0,25828.0,300.0
TAAAGCGGCATGCTTGCC,203.0,0.7931034482758621,13459.0,14177.0,718.0
TACAGTCAGTCGTCGAAC,20.0,0.95,2192.0,2219.0,27.0
TACGCTTCGGTGCTGTCG,24.0,1.0,14250.0,14342.0,92.0
TATGCGTTTCTCACGAGA,286.0,0.6118881118881119,664.0,1488.0,824.0
TATTCATTTCTGGGGAAG,92.0,0.967391304347826,17479.0,18704.0,1225.0
TCCGTCCCCTTACGGTTC,5.0,0.8,1056.0,1060.0,4.0
TCTGGGGATACAAACTGC,38.0,0.8157894736842105,200.0,262.0,62.0
TGCAGGTTTGGTGCTCTA,455.0,0.6835164835164835,1556.0,7293.0,5737.0
TGCAGTTTGGTGCTCTAA,4.0,0.75,644.0,652.0,8.0
TGCAGTTTTTGGTGCTCT,5.0,1.0,174.0,179.0,5.0
TGTCACTATGGCCCATCC,29.0,0.9310344827586207,3244.0,3284.0,40.0
TGTCAGTCCTGCTTGGCC,19.0,0.9473684210526315,2443.0,2465.0,22.0
TGTTGTCGAGCCTCGACA,28.0,1.0,1505.0,1548.0,43.0
TTCCAGCTGTCGGACCAG,319.0,0.8087774294670846,5996.0,12430.0,6434.0
TTGACTGTTGAGATGACC,33.0,1.0,3350.0,3392.0,42.0
TTTTCTCTGGAGCGCAAA,39.0,0.8974358974358975,6394.0,6461.0,67.0
